 ,Area,Mean,StdDev,Min,Max,X,Y,Perim.,Circ.,Feret,IntDen,RawIntDen,FeretX,FeretY,FeretAngle,MinFeret,AR,Round,Solidity,Image,ThresholdMethod,Polarity,Threshold
1,93,128.677,21.687,93,174,13.565,2.618,45.799,0.557,20.100,11967.000,11967.000,3,0,174.289,7.000,2.859,0.350,0.907,img14.png,Otsu,dark,174
2,1148,126.713,19.972,84,174,31.645,33.882,199.581,0.362,75.664,145467.000,145467.000,29,0,97.595,24.126,3.684,0.271,0.754,img14.png,Otsu,dark,174
3,2164,108.963,26.326,63,174,101.701,19.366,278.936,0.350,84.758,235795.000,235795.000,63,2,160.710,43.731,2.198,0.455,0.767,img14.png,Otsu,dark,174
4,1104,133.822,13.373,108,174,183.628,16.061,129.640,0.825,45.000,147740.000,147740.000,166,2,143.130,34.874,1.391,0.719,0.947,img14.png,Otsu,dark,174
5,1359,117.994,24.248,72,174,292.940,22.516,181.338,0.519,47.802,160354.000,160354.000,282,0,127.349,40.609,1.038,0.963,0.904,img14.png,Otsu,dark,174
6,432,147.593,14.180,113,174,497.826,11.463,95.841,0.591,33.287,63760.000,63760.000,484,1,147.265,25.000,1.315,0.761,0.653,img14.png,Otsu,dark,174
7,86,147.058,13.164,121,173,525.895,2.419,44.971,0.534,20.224,12647.000,12647.000,517,3,8.531,6.000,3.134,0.319,0.925,img14.png,Otsu,dark,174
8,1570,109.566,33.786,26,174,663.228,30.024,209.581,0.449,67.779,172018.000,172018.000,645,0,111.644,37.000,1.981,0.505,0.770,img14.png,Otsu,dark,174
9,556,130.538,16.857,102,174,466.131,15.962,87.255,0.918,29.614,72579.000,72579.000,463,30,78.311,24.000,1.174,0.852,0.958,img14.png,Otsu,dark,174
10,2513,115.325,33.916,27,174,581.047,33.460,295.948,0.361,69.527,289811.000,289811.000,564,5,130.333,59.000,1.108,0.903,0.783,img14.png,Otsu,dark,174
11,2231,137.628,17.933,95,174,398.071,53.781,251.765,0.442,85.276,307049.000,307049.000,360,72,39.289,50.016,1.937,0.516,0.718,img14.png,Otsu,dark,174
12,499,140.980,19.481,99,174,371.354,28.656,94.912,0.696,32.311,70349.000,70349.000,356,21,158.199,26.000,1.271,0.787,0.744,img14.png,Otsu,dark,174
13,633,117.518,24.643,71,174,487.933,39.434,95.397,0.874,34.482,74389.000,74389.000,470,38,163.142,27.000,1.259,0.794,0.943,img14.png,Otsu,dark,174
14,469,141.373,18.377,103,174,344.877,45.225,90.326,0.722,31.064,66304.000,66304.000,337,32,123.179,25.491,1.218,0.821,0.758,img14.png,Otsu,dark,174
15,1052,139.506,19.775,93,174,211.336,78.718,197.137,0.340,53.852,146760.000,146760.000,205,102,68.199,35.199,1.633,0.612,0.717,img14.png,Otsu,dark,174
16,2129,122.756,25.832,46,174,475.692,100.939,292.794,0.312,104.235,261347.000,261347.000,438,55,139.279,48.124,2.775,0.360,0.582,img14.png,Otsu,dark,174
17,527,128.108,18.270,98,174,490.003,69.234,90.426,0.810,33.601,67513.000,67513.000,481,82,53.471,23.489,1.372,0.729,0.939,img14.png,Otsu,dark,174
18,2139,113.295,39.121,24,174,645.188,90.458,343.061,0.228,76.322,242339.000,242339.000,610,73,158.477,55.827,1.544,0.648,0.705,img14.png,Otsu,dark,174
19,3852,124.868,27.860,43,174,577.222,103.996,422.073,0.272,101.514,480990.000,480990.000,521,93,161.030,81.680,1.296,0.772,0.656,img14.png,Otsu,dark,174
20,439,146.718,14.908,113,174,92.707,77.054,91.983,0.652,33.615,64409.000,64409.000,82,64,120.379,22.743,1.491,0.670,0.721,img14.png,Otsu,dark,174
21,1112,133.195,21.136,87,174,288.814,87.501,185.480,0.406,74.330,148113.000,148113.000,252,97,17.216,24.993,3.792,0.264,0.786,img14.png,Otsu,dark,174
22,986,135.836,17.364,104,174,333.639,95.972,141.782,0.616,51.478,133934.000,133934.000,308,103,24.075,28.030,2.105,0.475,0.843,img14.png,Otsu,dark,174
23,585,144.656,15.208,111,174,69.951,93.001,100.569,0.727,32.696,84624.000,84624.000,55,87,156.571,30.406,1.074,0.931,0.773,img14.png,Otsu,dark,174
24,496,128.673,25.069,80,174,363.702,98.050,91.598,0.743,37.121,63822.000,63822.000,360,79,94.635,17.000,2.172,0.460,0.943,img14.png,Otsu,dark,174
25,2679,134.604,20.105,91,174,177.387,130.850,445.044,0.170,95.210,360605.000,360605.000,167,81,107.103,61.086,1.539,0.650,0.631,img14.png,Otsu,dark,174
26,1093,123.747,17.868,90,174,125.968,105.511,134.368,0.761,47.170,135255.000,135255.000,112,84,111.125,34.640,1.436,0.696,0.912,img14.png,Otsu,dark,174
27,389,124.715,21.337,89,174,16.919,96.004,85.698,0.666,34.928,48514.000,48514.000,0,100,13.241,14.450,2.558,0.391,0.924,img14.png,Otsu,dark,174
28,1343,105.007,30.551,52,174,417.646,117.105,156.368,0.690,56.515,141024.000,141024.000,388,108,166.701,35.000,1.643,0.609,0.907,img14.png,Otsu,dark,174
29,78,116.308,34.355,65,174,689.462,109.859,39.556,0.626,17.263,9072.000,9072.000,689,102,100.008,6.000,2.603,0.384,0.934,img14.png,Otsu,dark,174
30,852,123.405,22.408,73,174,472.680,131.847,113.882,0.826,37.643,105141.000,105141.000,454,135,16.991,32.888,1.070,0.935,0.925,img14.png,Otsu,dark,174
31,821,142.111,16.173,108,174,638.194,134.706,121.397,0.700,40.706,116673.000,116673.000,621,143,27.824,33.000,1.208,0.828,0.776,img14.png,Otsu,dark,174
32,1081,113.337,23.924,67,174,313.216,147.678,126.711,0.846,45.222,122517.000,122517.000,296,135,144.904,33.234,1.427,0.701,0.951,img14.png,Otsu,dark,174
33,619,148.528,15.281,103,174,254.804,148.899,107.154,0.677,34.670,91939.000,91939.000,245,163,56.768,32.000,1.019,0.981,0.722,img14.png,Otsu,dark,174
34,1050,126.485,24.861,79,174,354.085,160.584,201.480,0.325,58.898,132809.000,132809.000,339,143,139.821,43.471,1.277,0.783,0.622,img14.png,Otsu,dark,174
35,377,145.676,16.011,113,174,123.813,149.341,78.912,0.761,30.871,54920.000,54920.000,110,156,24.905,19.230,1.641,0.609,0.851,img14.png,Otsu,dark,174
36,573,142.988,15.763,110,174,48.104,157.414,99.740,0.724,32.450,81932.000,81932.000,38,170,56.310,29.963,1.067,0.937,0.762,img14.png,Otsu,dark,174
37,671,124.250,26.805,69,174,424.966,157.013,96.569,0.904,31.385,83372.000,83372.000,411,149,149.349,29.698,1.054,0.949,0.932,img14.png,Otsu,dark,174
38,552,145.377,17.699,98,174,518.143,157.071,97.740,0.726,33.242,80248.000,80248.000,504,149,158.839,28.000,1.170,0.855,0.770,img14.png,Otsu,dark,174
39,2438,121.880,24.009,70,174,557.708,178.873,319.019,0.301,90.796,297143.000,297143.000,514,203,7.595,53.264,1.745,0.573,0.670,img14.png,Otsu,dark,174
40,648,129.756,21.167,84,174,650.838,166.457,97.983,0.848,34.205,84082.000,84082.000,634,162,164.745,27.828,1.191,0.839,0.906,img14.png,Otsu,dark,174
41,556,115.401,26.398,75,173,477.971,164.980,102.083,0.670,43.417,64163.000,64163.000,457,172,14.676,17.258,2.561,0.390,0.938,img14.png,Otsu,dark,174
42,670,136.340,19.806,92,174,618.703,175.461,103.740,0.782,34.205,91348.000,91348.000,605,165,142.125,31.000,1.058,0.945,0.816,img14.png,Otsu,dark,174
43,1607,128.444,22.242,70,174,155.354,185.611,195.137,0.530,60.017,206410.000,206410.000,128,177,169.439,45.272,1.389,0.720,0.788,img14.png,Otsu,dark,174
44,2679,119.001,25.273,55,174,218.078,196.411,334.534,0.301,114.162,318804.000,318804.000,159,218,18.911,47.272,3.273,0.306,0.669,img14.png,Otsu,dark,174
45,439,99.073,40.826,42,174,55.511,185.359,87.497,0.721,28.653,43493.000,43493.000,51,199,60.751,22.216,1.404,0.712,0.846,img14.png,Otsu,dark,174
46,4011,123.359,24.360,58,174,59.787,236.400,551.127,0.166,143.837,494793.000,494793.000,10,179,138.664,55.422,3.463,0.289,0.576,img14.png,Otsu,dark,174
47,783,126.605,20.975,84,174,95.900,190.913,103.740,0.914,34.785,99132.000,99132.000,79,186,161.565,30.000,1.148,0.871,0.960,img14.png,Otsu,dark,174
48,1326,143.707,18.891,94,174,324.621,209.583,188.066,0.471,66.731,190555.000,190555.000,307,182,119.638,33.988,2.188,0.457,0.701,img14.png,Otsu,dark,174
49,428,124.787,23.497,90,174,447.596,189.248,94.569,0.601,40.804,53409.000,53409.000,433,203,36.027,15.532,2.756,0.363,0.894,img14.png,Otsu,dark,174
50,995,112.778,22.699,75,174,645.505,202.748,121.640,0.845,42.048,112214.000,112214.000,626,215,25.346,34.435,1.148,0.871,0.948,img14.png,Otsu,dark,174
51,482,136.512,19.864,99,174,404.844,200.969,90.569,0.738,31.906,65799.000,65799.000,391,209,32.196,24.749,1.266,0.790,0.792,img14.png,Otsu,dark,174
52,1960,120.209,28.911,62,174,473.828,221.219,223.137,0.495,74.653,235610.000,235610.000,456,254,50.981,49.037,1.777,0.563,0.766,img14.png,Otsu,dark,174
53,457,118.534,27.194,72,174,92.513,217.334,96.083,0.622,41.146,54170.000,54170.000,74,208,154.058,15.727,2.781,0.360,0.919,img14.png,Otsu,dark,174
54,1206,126.653,23.636,71,174,602.633,228.280,142.953,0.742,44.944,152743.000,152743.000,582,239,32.276,40.937,1.116,0.896,0.884,img14.png,Otsu,dark,174
55,784,134.601,20.898,93,174,245.550,234.894,138.267,0.515,39.850,105527.000,105527.000,241,215,107.526,31.820,1.190,0.840,0.842,img14.png,Otsu,dark,174
56,4690,113.671,29.596,25,174,526.412,269.963,527.470,0.212,106.480,533118.000,533118.000,504,320,75.311,78.383,1.430,0.699,0.667,img14.png,Otsu,dark,174
57,555,120.890,28.166,63,174,678.268,229.819,91.012,0.842,34.670,67094.000,67094.000,663,223,146.768,21.913,1.514,0.660,0.959,img14.png,Otsu,dark,174
58,530,114.879,26.977,73,174,386.375,235.789,97.497,0.701,41.110,60886.000,60886.000,367,243,18.435,18.481,2.352,0.425,0.928,img14.png,Otsu,dark,174
59,917,115.067,31.451,32,174,193.895,244.629,115.640,0.862,38.833,105516.000,105516.000,175,248,11.889,31.000,1.199,0.834,0.953,img14.png,Otsu,dark,174
60,584,126.255,28.286,75,174,285.659,260.920,124.024,0.477,38.079,73733.000,73733.000,284,241,113.199,28.936,1.425,0.702,0.764,img14.png,Otsu,dark,174
61,1583,118.493,31.638,46,174,419.355,273.148,232.451,0.368,77.801,187575.000,187575.000,390,250,142.836,33.165,2.659,0.376,0.764,img14.png,Otsu,dark,174
62,497,129.901,22.382,84,174,452.140,272.220,97.882,0.652,41.617,64561.000,64561.000,440,256,125.218,15.402,2.824,0.354,0.919,img14.png,Otsu,dark,174
63,1162,126.372,22.011,85,174,173.442,286.617,139.196,0.754,49.366,146844.000,146844.000,171,311,83.019,35.000,1.330,0.752,0.915,img14.png,Otsu,dark,174
64,1968,110.659,27.045,43,174,600.173,290.927,215.037,0.535,66.287,217777.000,217777.000,583,326,56.070,48.915,1.385,0.722,0.863,img14.png,Otsu,dark,174
65,532,139.194,17.520,106,174,681.128,281.904,119.397,0.469,33.615,74051.000,74051.000,675,295,59.621,25.000,1.256,0.796,0.868,img14.png,Otsu,dark,174
66,1345,119.648,20.609,76,174,651.803,294.796,141.782,0.841,51.624,160926.000,160926.000,638,273,121.535,32.647,1.576,0.634,0.956,img14.png,Otsu,dark,174
67,287,131.683,18.196,101,174,5.786,287.277,74.770,0.645,30.067,37793.000,37793.000,0,272,93.814,13.000,2.070,0.483,0.926,img14.png,Otsu,dark,174
68,2438,125.662,28.543,53,174,294.862,330.988,357.120,0.240,125.801,306364.000,306364.000,257,275,126.597,42.196,4.250,0.235,0.657,img14.png,Otsu,dark,174
69,2355,128.503,25.301,69,174,361.586,301.997,307.220,0.314,92.704,302625.000,302625.000,324,330,23.523,49.271,2.166,0.462,0.715,img14.png,Otsu,dark,174
70,2394,123.166,27.055,63,174,203.227,323.621,311.019,0.311,102.460,294859.000,294859.000,157,322,161.211,60.170,1.655,0.604,0.608,img14.png,Otsu,dark,174
71,1112,114.266,22.997,57,174,63.283,312.746,130.225,0.824,47.170,127064.000,127064.000,42,321,21.125,31.000,1.543,0.648,0.952,img14.png,Otsu,dark,174
72,394,105.355,35.826,56,174,683.030,324.520,104.669,0.452,40.311,41510.000,41510.000,676,337,66.615,21.320,1.985,0.504,0.727,img14.png,Otsu,dark,174
73,468,137.248,18.560,110,174,431.019,323.224,95.983,0.638,39.395,64232.000,64232.000,420,305,113.962,16.760,2.471,0.405,0.883,img14.png,Otsu,dark,174
74,403,112.558,29.719,71,174,10.463,318.912,76.870,0.857,26.926,45361.000,45361.000,0,329,31.329,21.000,1.165,0.858,0.957,img14.png,Otsu,dark,174
75,2728,112.160,29.741,54,174,625.466,358.169,318.291,0.338,85.703,305973.000,305973.000,603,319,124.061,49.923,2.090,0.479,0.736,img14.png,Otsu,dark,174
76,1133,125.338,17.666,92,174,383.257,338.843,127.640,0.874,44.045,142008.000,142008.000,367,324,129.472,34.193,1.271,0.787,0.957,img14.png,Otsu,dark,174
77,489,142.016,23.120,93,174,69.486,343.488,103.740,0.571,30.083,69446.000,69446.000,56,337,158.552,25.000,1.167,0.857,0.835,img14.png,Otsu,dark,174
78,1016,108.020,37.516,31,174,541.278,354.056,146.953,0.591,46.840,109748.000,109748.000,536,379,73.887,35.429,1.610,0.621,0.833,img14.png,Otsu,dark,174
79,562,125.943,23.021,81,174,513.596,351.726,93.497,0.808,35.847,70780.000,70780.000,505,335,112.989,21.820,1.703,0.587,0.938,img14.png,Otsu,dark,174
80,94,159.585,9.699,137,174,97.723,346.149,44.870,0.587,18.111,15001.000,15001.000,97,337,96.340,7.000,2.848,0.351,0.828,img14.png,Otsu,dark,174
81,4274,116.643,25.567,60,174,176.500,375.713,448.759,0.267,128.456,498532.000,498532.000,108,401,11.222,62.807,2.125,0.471,0.730,img14.png,Otsu,dark,174
82,581,148.234,16.572,113,174,419.844,362.576,115.397,0.548,37.162,86124.000,86124.000,401,370,23.806,35.000,1.025,0.976,0.575,img14.png,Otsu,dark,174
83,1132,128.652,16.033,98,174,53.890,376.054,130.267,0.838,47.434,145634.000,145634.000,40,357,124.695,30.406,1.590,0.629,0.952,img14.png,Otsu,dark,174
84,1248,122.103,20.711,73,174,96.032,379.775,144.267,0.754,47.424,152385.000,152385.000,75,366,155.056,38.460,1.137,0.880,0.908,img14.png,Otsu,dark,174
85,615,138.522,17.240,102,174,266.131,369.493,104.083,0.713,43.174,85191.000,85191.000,245,376,13.392,19.279,2.304,0.434,0.940,img14.png,Otsu,dark,174
86,668,138.997,15.953,102,174,369.247,372.123,107.054,0.732,44.944,92850.000,92850.000,349,361,147.724,20.692,2.219,0.451,0.944,img14.png,Otsu,dark,174
87,3104,133.293,20.458,84,174,464.005,394.513,402.617,0.241,106.118,413740.000,413740.000,408,403,2.701,61.156,2.072,0.483,0.606,img14.png,Otsu,dark,174
88,548,137.863,22.071,85,174,589.745,399.268,97.841,0.719,32.894,75549.000,75549.000,584,415,70.463,26.945,1.165,0.859,0.762,img14.png,Otsu,dark,174
89,499,110.240,33.240,48,174,295.815,398.630,85.355,0.861,31.623,55010.000,55010.000,288,412,55.305,22.657,1.312,0.762,0.946,img14.png,Otsu,dark,174
90,278,130.435,18.578,98,173,685.525,396.723,68.284,0.749,25.000,36261.000,36261.000,685,386,106.260,16.000,1.471,0.680,0.950,img14.png,Otsu,dark,174
91,572,106.605,28.513,68,174,23.267,410.427,90.326,0.881,33.615,60978.000,60978.000,9,401,149.621,22.743,1.513,0.661,0.950,img14.png,Otsu,dark,174
92,1411,138.222,20.260,86,174,180.255,426.210,162.510,0.671,56.859,195031.000,195031.000,162,448,55.751,37.995,1.592,0.628,0.856,img14.png,Otsu,dark,174
93,1287,144.347,15.748,102,174,262.753,427.640,143.539,0.785,46.400,185775.000,185775.000,248,408,127.117,41.432,1.044,0.957,0.863,img14.png,Otsu,dark,174
94,513,119.331,25.291,74,174,350.974,424.921,100.912,0.633,42.720,61217.000,61217.000,331,418,159.444,17.076,2.756,0.363,0.919,img14.png,Otsu,dark,174
95,550,116.165,23.549,76,174,456.327,444.035,90.912,0.836,34.540,63891.000,63891.000,450,428,112.109,21.466,1.604,0.623,0.948,img14.png,Otsu,dark,174
96,1220,116.033,30.010,64,174,569.734,447.568,198.267,0.390,76.922,141560.000,141560.000,542,439,164.157,30.858,2.717,0.368,0.871,img14.png,Otsu,dark,174
97,454,135.163,21.651,94,174,520.452,442.216,93.255,0.656,35.735,61364.000,61364.000,504,446,17.928,19.202,1.971,0.507,0.825,img14.png,Otsu,dark,174
98,560,129.079,20.829,79,174,41.107,449.327,93.012,0.813,36.056,72284.000,72284.000,28,440,146.310,24.000,1.478,0.676,0.945,img14.png,Otsu,dark,174
99,363,111.887,32.843,51,174,678.930,452.271,86.527,0.609,33.615,40615.000,40615.000,661,460,30.379,19.000,1.658,0.603,0.878,img14.png,Otsu,dark,174
100,338,126.988,18.255,99,174,138.888,452.473,73.456,0.787,29.411,42922.000,42922.000,129,443,144.689,17.000,1.578,0.634,0.962,img14.png,Otsu,dark,174
101,269,149.309,13.737,109,174,197.236,454.742,82.426,0.498,31.257,40164.000,40164.000,181,460,7.352,13.000,2.377,0.421,0.885,img14.png,Otsu,dark,174
